"id","league","team","match_id","date","minute","result","outcome","xG","player","h_a","shotType","lastAction","shot_x","shot_y"
"1","EPL","Leicester",84,"2015-08-08 18:00:00",12,"BlockedShot","fail",0.16,"Shinji Okazaki","h","LeftFoot","Pass",99.75,36.58
"2","EPL","Leicester",84,"2015-08-08 18:00:00",17,"Goal","goal",0.14,"Riyad Mahrez","h","HeadOther","Cross",97.97,34.48
"3","EPL","Leicester",84,"2015-08-08 18:00:00",26,"SavedShot","fail",0.3,"Jamie Vardy","h","RightFoot","Pass",89.57,39.98
"4","EPL","Leicester",84,"2015-08-08 18:00:00",28,"MissedShots","fail",0.03,"Jeffrey Schlupp","h","HeadOther","Cross",95.97,42.02
"5","EPL","Leicester",84,"2015-08-08 18:00:00",39,"MissedShots","fail",0.12,"Riyad Mahrez","h","LeftFoot","Pass",89.98,34.48
"6","EPL","Leicester",84,"2015-08-08 18:00:00",46,"SavedShot","fail",0.02,"Daniel Drinkwater","h","RightFoot","Pass",76.55,35.77
"7","EPL","Leicester",84,"2015-08-08 18:00:00",50,"MissedShots","fail",0.35,"Jamie Vardy","h","RightFoot","Dribble",101.12,43.72
"8","EPL","Leicester",84,"2015-08-08 18:00:00",55,"ShotOnPost","fail",0.07,"Riyad Mahrez","h","LeftFoot","Pass",93.97,19.18
"9","EPL","Leicester",84,"2015-08-08 18:00:00",56,"SavedShot","fail",0.13,"Riyad Mahrez","h","RightFoot","Throughball",97.33,21.9
"10","EPL","Leicester",84,"2015-08-08 18:00:00",61,"MissedShots","fail",0.06,"Jamie Vardy","h","LeftFoot","Chipped",81.8,27.2
"11","EPL","Leicester",84,"2015-08-08 18:00:00",65,"Goal","goal",0.08,"Marc Albrighton","h","RightFoot","None",89.04,37.4
"12","EPL","Leicester",84,"2015-08-08 18:00:00",72,"MissedShots","fail",0.08,"Marc Albrighton","h","RightFoot","Pass",85.37,31.76
"13","EPL","Leicester",84,"2015-08-08 18:00:00",77,"MissedShots","fail",0.05,"Andy King","h","RightFoot","Pass",91.98,18.84
"14","EPL","Leicester",84,"2015-08-08 18:00:00",86,"BlockedShot","fail",0.12,"Shinji Okazaki","h","LeftFoot","Pass",91.14,31.01
"15","EPL","Leicester",97,"2015-08-15 18:00:00",25,"SavedShot","fail",0.19,"Riyad Mahrez","a","LeftFoot","Dribble",103,28.97
"16","EPL","Leicester",97,"2015-08-15 18:00:00",26,"SavedShot","fail",0.29,"Shinji Okazaki","a","RightFoot","Cross",94.4,39.98
"17","EPL","Leicester",97,"2015-08-15 18:00:00",26,"Goal","goal",0.94,"Shinji Okazaki","a","HeadOther","LooseBall",104.05,35.97
"18","EPL","Leicester",97,"2015-08-15 18:00:00",30,"BlockedShot","fail",0.02,"Marc Albrighton","a","RightFoot","None",75.81,34.27
"19","EPL","Leicester",97,"2015-08-15 18:00:00",37,"Goal","goal",0.12,"Riyad Mahrez","a","LeftFoot","Pass",92.61,36.99
"20","EPL","Leicester",97,"2015-08-15 18:00:00",72,"BlockedShot","fail",0.02,"Jeffrey Schlupp","a","LeftFoot","Pass",76.44,41.41
"21","EPL","Leicester",97,"2015-08-15 18:00:00",74,"MissedShots","fail",0.32,"Daniel Drinkwater","a","RightFoot","Pass",89.98,24.34
"22","EPL","Leicester",105,"2015-08-22 18:00:00",12,"MissedShots","fail",0.05,"Marc Albrighton","h","RightFoot","None",89.98,43.25
"23","EPL","Leicester",105,"2015-08-22 18:00:00",12,"BlockedShot","fail",0.1,"Shinji Okazaki","h","LeftFoot","LooseBall",94.08,39.1
"24","EPL","Leicester",105,"2015-08-22 18:00:00",13,"BlockedShot","fail",0.02,"Riyad Mahrez","h","LeftFoot","Dribble",84.1,21.08
"25","EPL","Leicester",105,"2015-08-22 18:00:00",17,"MissedShots","fail",0.03,"Marc Albrighton","h","RightFoot","Dribble",89.35,48.08
"26","EPL","Leicester",105,"2015-08-22 18:00:00",47,"BlockedShot","fail",0.03,"Riyad Mahrez","h","LeftFoot","Pass",81.58,34.88
"27","EPL","Leicester",105,"2015-08-22 18:00:00",54,"MissedShots","fail",0.06,"Daniel Drinkwater","h","LeftFoot","Pass",93.77,20.88
"28","EPL","Leicester",105,"2015-08-22 18:00:00",68,"ShotOnPost","fail",0.05,"Riyad Mahrez","h","RightFoot","Pass",98.07,19.45
"29","EPL","Leicester",105,"2015-08-22 18:00:00",81,"Goal","goal",0.04,"Riyad Mahrez","h","LeftFoot","Aerial",91.67,19.24
"30","EPL","Leicester",105,"2015-08-22 18:00:00",85,"MissedShots","fail",0.01,"Gökhan Inler","h","LeftFoot","Pass",71.72,34.14
"31","EPL","Leicester",114,"2015-08-29 18:00:00",15,"MissedShots","fail",0.08,"Jamie Vardy","a","LeftFoot","Pass",93.45,23.26
"32","EPL","Leicester",114,"2015-08-29 18:00:00",68,"SavedShot","fail",0.04,"Jeffrey Schlupp","a","LeftFoot","Pass",97.12,48.82
"33","EPL","Leicester",114,"2015-08-29 18:00:00",82,"MissedShots","fail",0.03,"Jeffrey Schlupp","a","LeftFoot","Pass",95.65,51.14
"34","EPL","Leicester",129,"2015-09-13 19:00:00",1,"BlockedShot","fail",0.03,"Shinji Okazaki","h","LeftFoot","LooseBall",83.05,23.87
"35","EPL","Leicester",129,"2015-09-13 19:00:00",1,"MissedShots","fail",0.02,"Marc Albrighton","h","RightFoot","LooseBall",81.38,39.1
"36","EPL","Leicester",129,"2015-09-13 19:00:00",3,"MissedShots","fail",0.01,"Daniel Drinkwater","h","RightFoot","LooseBall",77.6,46.92
"37","EPL","Leicester",129,"2015-09-13 19:00:00",12,"SavedShot","fail",0.01,"Riyad Mahrez","h","LeftFoot","LooseBall",83.47,18.5
"38","EPL","Leicester",129,"2015-09-13 19:00:00",34,"BlockedShot","fail",0.02,"Jamie Vardy","h","RightFoot","Pass",84.63,50.05
"39","EPL","Leicester",129,"2015-09-13 19:00:00",45,"SavedShot","fail",0.02,"Marc Albrighton","h","RightFoot","Pass",80.75,48.08
"40","EPL","Leicester",129,"2015-09-13 19:00:00",47,"MissedShots","fail",0.09,"Jamie Vardy","h","LeftFoot","Cross",96.18,38.96
"41","EPL","Leicester",129,"2015-09-13 19:00:00",48,"MissedShots","fail",0.02,"Jeffrey Schlupp","h","LeftFoot","Pass",79.28,47.4
"42","EPL","Leicester",129,"2015-09-13 19:00:00",51,"BlockedShot","fail",0.06,"Jamie Vardy","h","RightFoot","Dribble",97.97,21.08
"43","EPL","Leicester",129,"2015-09-13 19:00:00",52,"MissedShots","fail",0.06,"Riyad Mahrez","h","LeftFoot","Dribble",91.14,44.88
"44","EPL","Leicester",129,"2015-09-13 19:00:00",60,"MissedShots","fail",0.02,"Gökhan Inler","h","RightFoot","None",78.96,30.12
"45","EPL","Leicester",129,"2015-09-13 19:00:00",66,"MissedShots","fail",0.03,"Leonardo Ulloa","h","HeadOther","Chipped",91.88,34.34
"46","EPL","Leicester",129,"2015-09-13 19:00:00",75,"BlockedShot","fail",0.1,"Jamie Vardy","h","RightFoot","Throughball",93.97,25.23
"47","EPL","Leicester",129,"2015-09-13 19:00:00",76,"BlockedShot","fail",0.01,"Nathan Dyer","h","RightFoot","Dribble",77.7,26.79
"48","EPL","Leicester",129,"2015-09-13 19:00:00",81,"Goal","goal",0.51,"Jamie Vardy","h","LeftFoot","Pass",98.17,35.02
"49","EPL","Leicester",129,"2015-09-13 19:00:00",83,"SavedShot","fail",0.01,"Riyad Mahrez","h","LeftFoot","Dribble",82,20.74
"50","EPL","Leicester",129,"2015-09-13 19:00:00",88,"Goal","goal",0.05,"Nathan Dyer","h","HeadOther","Chipped",94.82,36.58
"51","EPL","Leicester",129,"2015-09-13 19:00:00",94,"MissedShots","fail",0.04,"Riyad Mahrez","h","LeftFoot","LooseBall",80.64,28.02
"52","EPL","Leicester",135,"2015-09-19 18:00:00",9,"SavedShot","fail",0.03,"Riyad Mahrez","a","LeftFoot","Pass",82,34.14
"53","EPL","Leicester",135,"2015-09-19 18:00:00",30,"BlockedShot","fail",0.01,"Daniel Drinkwater","a","RightFoot","Pass",78.12,37.81
"54","EPL","Leicester",135,"2015-09-19 18:00:00",31,"SavedShot","fail",0.01,"N&#039;Golo Kanté","a","RightFoot","Pass",73.5,29.44
"55","EPL","Leicester",135,"2015-09-19 18:00:00",35,"MissedShots","fail",0.08,"Ritchie de Laet","a","RightFoot","Throughball",89.88,19.04
"56","EPL","Leicester",135,"2015-09-19 18:00:00",41,"MissedShots","fail",0.1,"Shinji Okazaki","a","HeadOther","Aerial",98.7,36.86
"57","EPL","Leicester",135,"2015-09-19 18:00:00",61,"SavedShot","fail",0.05,"Jamie Vardy","a","LeftFoot","Dribble",94.71,21.22
"58","EPL","Leicester",135,"2015-09-19 18:00:00",61,"MissedShots","fail",0.02,"Daniel Drinkwater","a","RightFoot","Pass",79.7,26.66
"59","EPL","Leicester",135,"2015-09-19 18:00:00",68,"Goal","goal",0.07,"Jamie Vardy","a","LeftFoot","Aerial",91.56,38.08
"60","EPL","Leicester",135,"2015-09-19 18:00:00",93,"MissedShots","fail",0.02,"Jamie Vardy","a","RightFoot","Dribble",80.43,36.86
"61","EPL","Leicester",144,"2015-09-26 18:00:00",9,"SavedShot","fail",0.04,"Jeffrey Schlupp","h","LeftFoot","LooseBall",89.04,48.35
"62","EPL","Leicester",144,"2015-09-26 18:00:00",9,"ShotOnPost","fail",0.09,"Jamie Vardy","h","LeftFoot","Dribble",87.25,37.6
"63","EPL","Leicester",144,"2015-09-26 18:00:00",12,"Goal","goal",0.1,"Jamie Vardy","h","RightFoot","Chipped",99.43,48.08
"64","EPL","Leicester",144,"2015-09-26 18:00:00",13,"BlockedShot","fail",0.02,"Riyad Mahrez","h","LeftFoot","Dribble",77.49,33.8
"65","EPL","Leicester",144,"2015-09-26 18:00:00",16,"BlockedShot","fail",0.04,"Jamie Vardy","h","LeftFoot","Pass",85.68,23.73
"66","EPL","Leicester",144,"2015-09-26 18:00:00",17,"ShotOnPost","fail",0.15,"Jamie Vardy","h","HeadOther","Cross",99.96,33.12
"67","EPL","Leicester",144,"2015-09-26 18:00:00",45,"MissedShots","fail",0.02,"Riyad Mahrez","h","LeftFoot","Pass",79.8,47.26
"68","EPL","Leicester",144,"2015-09-26 18:00:00",56,"SavedShot","fail",0.02,"Jeffrey Schlupp","h","LeftFoot","Pass",84.21,45.49
"69","EPL","Leicester",144,"2015-09-26 18:00:00",66,"MissedShots","fail",0.01,"N&#039;Golo Kanté","h","RightFoot","Pass",75.7,38.56
"70","EPL","Leicester",144,"2015-09-26 18:00:00",83,"SavedShot","fail",0.25,"Jamie Vardy","h","LeftFoot","Pass",97.97,44.27
"71","EPL","Leicester",144,"2015-09-26 18:00:00",87,"BlockedShot","fail",0.06,"Riyad Mahrez","h","RightFoot","None",94.6,24.75
"72","EPL","Leicester",144,"2015-09-26 18:00:00",88,"SavedShot","fail",0.43,"Andrej Kramaric","h","RightFoot","Cross",98.91,35.5
"73","EPL","Leicester",144,"2015-09-26 18:00:00",88,"Goal","goal",0.05,"Jamie Vardy","h","RightFoot","Pass",94.29,47.12
"74","EPL","Leicester",155,"2015-10-03 18:00:00",6,"MissedShots","fail",0.09,"Shinji Okazaki","a","HeadOther","Cross",100.17,27.88
"75","EPL","Leicester",155,"2015-10-03 18:00:00",19,"SavedShot","fail",0.04,"Jamie Vardy","a","RightFoot","Dribble",103.95,42.36
"76","EPL","Leicester",155,"2015-10-03 18:00:00",23,"BlockedShot","fail",0.06,"Jeffrey Schlupp","a","LeftFoot","Dribble",91.14,44.61
"77","EPL","Leicester",155,"2015-10-03 18:00:00",24,"SavedShot","fail",0.51,"Daniel Drinkwater","a","RightFoot","Dribble",100.38,29.17
"78","EPL","Leicester",155,"2015-10-03 18:00:00",24,"BlockedShot","fail",0.04,"Danny Simpson","a","RightFoot","LooseBall",90.3,22.98
"79","EPL","Leicester",155,"2015-10-03 18:00:00",29,"MissedShots","fail",0.39,"Jeffrey Schlupp","a","LeftFoot","Cross",102.9,39.1
"80","EPL","Leicester",155,"2015-10-03 18:00:00",40,"MissedShots","fail",0.02,"Shinji Okazaki","a","HeadOther","Aerial",94.29,41.62
"81","EPL","Leicester",155,"2015-10-03 18:00:00",46,"MissedShots","fail",0.06,"Shinji Okazaki","a","RightFoot","Pass",93.97,19.79
"82","EPL","Leicester",155,"2015-10-03 18:00:00",46,"Goal","goal",0.52,"Jeffrey Schlupp","a","LeftFoot","Throughball",96.28,44.54
"83","EPL","Leicester",155,"2015-10-03 18:00:00",75,"MissedShots","fail",0.03,"Jeffrey Schlupp","a","LeftFoot","Pass",77.6,33.8
"84","EPL","Leicester",155,"2015-10-03 18:00:00",82,"MissedShots","fail",0.14,"Jamie Vardy","a","RightFoot","Dribble",95.03,21.56
"85","EPL","Leicester",155,"2015-10-03 18:00:00",89,"BlockedShot","fail",0.09,"Jamie Vardy","a","LeftFoot","Pass",93.03,43.86
"86","EPL","Leicester",155,"2015-10-03 18:00:00",94,"SavedShot","fail",0.14,"Jamie Vardy","a","RightFoot","Pass",93.03,41.62
"87","EPL","Leicester",162,"2015-10-17 18:00:00",4,"MissedShots","fail",0.46,"Jamie Vardy","a","LeftFoot","Cross",97.86,34.88
"88","EPL","Leicester",162,"2015-10-17 18:00:00",6,"MissedShots","fail",0.01,"N&#039;Golo Kanté","a","RightFoot","Aerial",79.38,46.38
"89","EPL","Leicester",162,"2015-10-17 18:00:00",6,"MissedShots","fail",0.05,"Jamie Vardy","a","HeadOther","None",96.08,32.37
"90","EPL","Leicester",162,"2015-10-17 18:00:00",37,"MissedShots","fail",0.02,"Daniel Drinkwater","a","RightFoot","Dribble",80.75,21.9
"91","EPL","Leicester",162,"2015-10-17 18:00:00",41,"SavedShot","fail",0.01,"Daniel Drinkwater","a","RightFoot","Pass",75.08,47.46
"92","EPL","Leicester",162,"2015-10-17 18:00:00",48,"BlockedShot","fail",0.05,"Jamie Vardy","a","RightFoot","Cross",94.18,42.02
"93","EPL","Leicester",162,"2015-10-17 18:00:00",49,"SavedShot","fail",0.02,"Jamie Vardy","a","RightFoot","Dribble",80.75,45.42
"94","EPL","Leicester",162,"2015-10-17 18:00:00",49,"BlockedShot","fail",0.04,"Jamie Vardy","a","RightFoot","None",90.83,43.32
"95","EPL","Leicester",162,"2015-10-17 18:00:00",53,"BlockedShot","fail",0.02,"Riyad Mahrez","a","RightFoot","Pass",81.27,22.37
"96","EPL","Leicester",162,"2015-10-17 18:00:00",60,"BlockedShot","fail",0.05,"Nathan Dyer","a","RightFoot","None",89.46,37.74
"97","EPL","Leicester",162,"2015-10-17 18:00:00",60,"MissedShots","fail",0.02,"Riyad Mahrez","a","LeftFoot","LooseBall",85.15,22.98
"98","EPL","Leicester",162,"2015-10-17 18:00:00",65,"Goal","goal",0.37,"Jamie Vardy","a","HeadOther","Cross",97.97,32.23
"99","EPL","Leicester",162,"2015-10-17 18:00:00",66,"MissedShots","fail",0.04,"Jamie Vardy","a","RightFoot","Chipped",95.97,19.92
"100","EPL","Leicester",162,"2015-10-17 18:00:00",80,"BlockedShot","fail",0.04,"Marc Albrighton","a","RightFoot","None",90.62,21.9
"101","EPL","Leicester",162,"2015-10-17 18:00:00",80,"MissedShots","fail",0.43,"Jamie Vardy","a","LeftFoot","Pass",94.82,36.86
"102","EPL","Leicester",162,"2015-10-17 18:00:00",81,"BlockedShot","fail",0.02,"Marc Albrighton","a","RightFoot","Dribble",83.47,25.84
"103","EPL","Leicester",162,"2015-10-17 18:00:00",87,"SavedShot","fail",0.05,"Jamie Vardy","a","HeadOther","Aerial",96.92,33.93
"104","EPL","Leicester",162,"2015-10-17 18:00:00",90,"Goal","goal",0.4,"Jamie Vardy","a","RightFoot","Throughball",94.08,29.04
"105","EPL","Leicester",172,"2015-10-24 18:00:00",6,"ShotOnPost","fail",0.02,"Marc Albrighton","h","LeftFoot","Dribble",80.33,23.46
"106","EPL","Leicester",172,"2015-10-24 18:00:00",7,"MissedShots","fail",0.06,"Riyad Mahrez","h","RightFoot","LooseBall",98.8,23.39
"107","EPL","Leicester",172,"2015-10-24 18:00:00",14,"BlockedShot","fail",0.03,"Jeffrey Schlupp","h","LeftFoot","Dribble",84.63,36.31
"108","EPL","Leicester",172,"2015-10-24 18:00:00",14,"MissedShots","fail",0.01,"N&#039;Golo Kanté","h","RightFoot","None",77.8,45.02
"109","EPL","Leicester",172,"2015-10-24 18:00:00",16,"SavedShot","fail",0.02,"Daniel Drinkwater","h","RightFoot","Pass",78.12,39.44
"110","EPL","Leicester",172,"2015-10-24 18:00:00",58,"Goal","goal",0.97,"Jamie Vardy","h","RightFoot","Dribble",102.17,32.64
"111","EPL","Leicester",172,"2015-10-24 18:00:00",69,"BlockedShot","fail",0.04,"Jamie Vardy","h","RightFoot","None",80.33,32.3
"112","EPL","Leicester",172,"2015-10-24 18:00:00",73,"MissedShots","fail",0.03,"Jamie Vardy","h","RightFoot","Pass",83.47,45.08
"113","EPL","Leicester",172,"2015-10-24 18:00:00",93,"BlockedShot","fail",0.07,"Jeffrey Schlupp","h","LeftFoot","None",92.61,46.24
"114","EPL","Leicester",187,"2015-10-31 19:00:00",6,"BlockedShot","fail",0.02,"Marc Albrighton","a","RightFoot","Cross",92.61,47.46
"115","EPL","Leicester",187,"2015-10-31 19:00:00",7,"SavedShot","fail",0.08,"Jamie Vardy","a","LeftFoot","Dribble",97.12,46.78
"116","EPL","Leicester",187,"2015-10-31 19:00:00",19,"MissedShots","fail",0.03,"Leonardo Ulloa","a","HeadOther","Aerial",93.77,41.07
"117","EPL","Leicester",187,"2015-10-31 19:00:00",20,"MissedShots","fail",0.02,"Marc Albrighton","a","RightFoot","Aerial",79.7,40.53
"118","EPL","Leicester",187,"2015-10-31 19:00:00",22,"BlockedShot","fail",0.02,"Riyad Mahrez","a","LeftFoot","Cross",98.91,20.2
"119","EPL","Leicester",187,"2015-10-31 19:00:00",39,"SavedShot","fail",0.18,"Leonardo Ulloa","a","HeadOther","Cross",95.55,40.26
"120","EPL","Leicester",187,"2015-10-31 19:00:00",56,"Goal","goal",0.48,"Riyad Mahrez","a","LeftFoot","Cross",98.17,31.96
"121","EPL","Leicester",187,"2015-10-31 19:00:00",62,"MissedShots","fail",0.09,"Jamie Vardy","a","LeftFoot","Cross",95.55,40.94
"122","EPL","Leicester",187,"2015-10-31 19:00:00",63,"Goal","goal",0.61,"Riyad Mahrez","a","LeftFoot","None",101.85,37.88
"123","EPL","Leicester",187,"2015-10-31 19:00:00",76,"Goal","goal",0.58,"Jamie Vardy","a","RightFoot","Throughball",93.87,28.22
"124","EPL","Leicester",187,"2015-10-31 19:00:00",93,"BlockedShot","fail",0.07,"Riyad Mahrez","a","LeftFoot","Pass",93.77,45.83
"125","EPL","Leicester",192,"2015-11-07 19:00:00",14,"MissedShots","fail",0.06,"Marc Albrighton","h","LeftFoot","LooseBall",90.93,23.94
"126","EPL","Leicester",192,"2015-11-07 19:00:00",26,"SavedShot","fail",0.05,"Marc Albrighton","h","LeftFoot","Dribble",84.42,23.39
"127","EPL","Leicester",192,"2015-11-07 19:00:00",37,"SavedShot","fail",0.03,"Jamie Vardy","h","RightFoot","Pass",81.8,40.53
"128","EPL","Leicester",192,"2015-11-07 19:00:00",47,"SavedShot","fail",0.12,"Marc Albrighton","h","RightFoot","Throughball",86.62,33.52
"129","EPL","Leicester",192,"2015-11-07 19:00:00",51,"Goal","goal",0.06,"N&#039;Golo Kanté","h","RightFoot","None",91.03,24.21
"130","EPL","Leicester",192,"2015-11-07 19:00:00",60,"BlockedShot","fail",0.09,"Jamie Vardy","h","RightFoot","LooseBall",90.2,28.63
"131","EPL","Leicester",192,"2015-11-07 19:00:00",76,"SavedShot","fail",0.14,"Riyad Mahrez","h","LeftFoot","Dribble",91.88,24.34
"132","EPL","Leicester",192,"2015-11-07 19:00:00",82,"BlockedShot","fail",0.02,"Marc Albrighton","h","RightFoot","Dribble",76.86,27.06
"133","EPL","Leicester",205,"2015-11-21 19:00:00",7,"BlockedShot","fail",0.67,"Leonardo Ulloa","a","RightFoot","Pass",99.96,33.39
"134","EPL","Leicester",205,"2015-11-21 19:00:00",7,"SavedShot","fail",0.02,"Daniel Drinkwater","a","RightFoot","Pass",74.87,29.17
"135","EPL","Leicester",205,"2015-11-21 19:00:00",29,"BlockedShot","fail",0.05,"Jamie Vardy","a","LeftFoot","Chipped",97.12,47.8
"136","EPL","Leicester",205,"2015-11-21 19:00:00",40,"SavedShot","fail",0.12,"Jamie Vardy","a","LeftFoot","Throughball",100.38,43.32
"137","EPL","Leicester",205,"2015-11-21 19:00:00",45,"Goal","goal",0.07,"Jamie Vardy","a","RightFoot","Dribble",91.67,44.4
"138","EPL","Leicester",205,"2015-11-21 19:00:00",59,"ShotOnPost","fail",0.13,"Jamie Vardy","a","RightFoot","Throughball",97.55,23.12
"139","EPL","Leicester",205,"2015-11-21 19:00:00",61,"Goal","goal",0.41,"Leonardo Ulloa","a","HeadOther","Cross",98.17,37.13
"140","EPL","Leicester",205,"2015-11-21 19:00:00",67,"MissedShots","fail",0.03,"Riyad Mahrez","a","LeftFoot","Pass",78.22,30.94
"141","EPL","Leicester",205,"2015-11-21 19:00:00",71,"SavedShot","fail",0.24,"Jamie Vardy","a","LeftFoot","Dribble",91.77,41.28
"142","EPL","Leicester",205,"2015-11-21 19:00:00",74,"MissedShots","fail",0.06,"Marc Albrighton","a","LeftFoot","LooseBall",92.82,48.08
"143","EPL","Leicester",205,"2015-11-21 19:00:00",82,"SavedShot","fail",0.11,"Danny Simpson","a","RightFoot","Pass",101.43,23.46
"144","EPL","Leicester",205,"2015-11-21 19:00:00",82,"Goal","goal",0.98,"Shinji Okazaki","a","RightFoot","LooseBall",103.85,33.12
"145","EPL","Leicester",216,"2015-11-28 21:30:00",12,"BlockedShot","fail",0.02,"N&#039;Golo Kanté","h","RightFoot","Pass",82.42,46.24
"146","EPL","Leicester",216,"2015-11-28 21:30:00",23,"Goal","goal",0.14,"Jamie Vardy","h","RightFoot","Throughball",93.87,20.06
"147","EPL","Leicester",216,"2015-11-28 21:30:00",30,"SavedShot","fail",0.06,"Riyad Mahrez","h","LeftFoot","LayOff",95.03,50.39
"148","EPL","Leicester",216,"2015-11-28 21:30:00",65,"SavedShot","fail",0.59,"Leonardo Ulloa","h","RightFoot","Dribble",94.4,34.75
"149","EPL","Leicester",216,"2015-11-28 21:30:00",68,"BlockedShot","fail",0.02,"Marc Albrighton","h","RightFoot","LooseBall",81.06,49.64
"150","EPL","Leicester",216,"2015-11-28 21:30:00",72,"MissedShots","fail",0.03,"Leonardo Ulloa","h","LeftFoot","None",83.79,25.84
"151","EPL","Leicester",216,"2015-11-28 21:30:00",87,"MissedShots","fail",0.02,"Daniel Drinkwater","h","RightFoot","LayOff",76.44,33.52
"152","EPL","Leicester",222,"2015-12-05 19:00:00",14,"SavedShot","fail",0.32,"Jamie Vardy","a","RightFoot","None",85.26,33.93
"153","EPL","Leicester",222,"2015-12-05 19:00:00",21,"Goal","goal",0.31,"Riyad Mahrez","a","LeftFoot","Chipped",96.18,26.38
"154","EPL","Leicester",222,"2015-12-05 19:00:00",24,"SavedShot","fail",0.42,"Riyad Mahrez","a","LeftFoot","Throughball",92.72,25.64
"155","EPL","Leicester",222,"2015-12-05 19:00:00",38,"MissedShots","fail",0.11,"Leonardo Ulloa","a","RightFoot","Chipped",90.93,39.24
"156","EPL","Leicester",222,"2015-12-05 19:00:00",50,"MissedShots","fail",0.1,"Riyad Mahrez","a","LeftFoot","LooseBall",85.26,25.23
"157","EPL","Leicester",222,"2015-12-05 19:00:00",58,"BlockedShot","fail",0.07,"Marc Albrighton","a","RightFoot","LooseBall",89.46,23.05
"158","EPL","Leicester",222,"2015-12-05 19:00:00",66,"Goal","goal",0.12,"Riyad Mahrez","a","RightFoot","Pass",94.18,26.25
"159","EPL","Leicester",222,"2015-12-05 19:00:00",73,"MissedShots","fail",0.11,"Jamie Vardy","a","RightFoot","Chipped",91.56,41.62
"160","EPL","Leicester",222,"2015-12-05 19:00:00",74,"MissedShots","fail",0.13,"Jamie Vardy","a","RightFoot","Dribble",101.53,20.67
"161","EPL","Leicester",222,"2015-12-05 19:00:00",85,"BlockedShot","fail",0.05,"Marc Albrighton","a","RightFoot","Pass",84.53,42.02
"162","EPL","Leicester",222,"2015-12-05 19:00:00",86,"BlockedShot","fail",0.02,"Leonardo Ulloa","a","RightFoot","Pass",74.45,35.7
"163","EPL","Leicester",222,"2015-12-05 19:00:00",87,"BlockedShot","fail",0.04,"Danny Simpson","a","RightFoot","Cross",85.47,25.3
"164","EPL","Leicester",222,"2015-12-05 19:00:00",92,"BlockedShot","fail",0.09,"Andy King","a","RightFoot","LayOff",90.51,44.06
"165","EPL","Leicester",240,"2015-12-15 00:00:00",1,"SavedShot","fail",0.04,"Riyad Mahrez","h","LeftFoot","Dribble",83.9,30.87
"166","EPL","Leicester",240,"2015-12-15 00:00:00",18,"SavedShot","fail",0.02,"Riyad Mahrez","h","LeftFoot","Aerial",88.52,43.04
"167","EPL","Leicester",240,"2015-12-15 00:00:00",31,"MissedShots","fail",0.02,"N&#039;Golo Kanté","h","RightFoot","Pass",78.85,44
"168","EPL","Leicester",240,"2015-12-15 00:00:00",33,"Goal","goal",0.36,"Jamie Vardy","h","RightFoot","Cross",95.76,31.69
"169","EPL","Leicester",240,"2015-12-15 00:00:00",43,"SavedShot","fail",0.02,"Marc Albrighton","h","RightFoot","Pass",83.58,49.03
"170","EPL","Leicester",240,"2015-12-15 00:00:00",47,"Goal","goal",0.07,"Riyad Mahrez","h","LeftFoot","Chipped",94.4,22.44
"171","EPL","Leicester",240,"2015-12-15 00:00:00",82,"MissedShots","fail",0.03,"Marc Albrighton","h","RightFoot","Pass",78.85,36.45
"172","EPL","Leicester",240,"2015-12-15 00:00:00",91,"MissedShots","fail",0.06,"Leonardo Ulloa","h","LeftFoot","Pass",87.67,24.28
"173","EPL","Leicester",245,"2015-12-19 19:00:00",43,"MissedShots","fail",0.03,"Shinji Okazaki","a","LeftFoot","LooseBall",84.1,24
"174","EPL","Leicester",245,"2015-12-19 19:00:00",51,"MissedShots","fail",0.01,"Andy King","a","RightFoot","Pass",79.17,47.33
"175","EPL","Leicester",245,"2015-12-19 19:00:00",57,"SavedShot","fail",0.03,"Christian Fuchs","a","RightFoot","None",83.05,43.25
"176","EPL","Leicester",245,"2015-12-19 19:00:00",57,"MissedShots","fail",0.07,"Jamie Vardy","a","RightFoot","Pass",88.41,46.38
"177","EPL","Leicester",245,"2015-12-19 19:00:00",68,"Goal","goal",0.13,"Shinji Okazaki","a","LeftFoot","Pass",92.61,36.86
"178","EPL","Leicester",245,"2015-12-19 19:00:00",92,"SavedShot","fail",0.12,"Leonardo Ulloa","a","RightFoot","LooseBall",91.98,35.22
"179","EPL","Leicester",257,"2015-12-26 19:00:00",14,"MissedShots","fail",0.1,"Shinji Okazaki","a","LeftFoot","Pass",91.25,29.72
"180","EPL","Leicester",257,"2015-12-26 19:00:00",27,"MissedShots","fail",0.03,"Jamie Vardy","a","HeadOther","Cross",91.98,28.49
"181","EPL","Leicester",257,"2015-12-26 19:00:00",41,"SavedShot","fail",0.07,"Riyad Mahrez","a","LeftFoot","Dribble",86,33.25
"182","EPL","Leicester",257,"2015-12-26 19:00:00",73,"SavedShot","fail",0.1,"Nathan Dyer","a","LeftFoot","Cross",96.81,38.28
"183","EPL","Leicester",257,"2015-12-26 19:00:00",88,"BlockedShot","fail",0.1,"Andy King","a","RightFoot","Aerial",97.55,31.82
"184","EPL","Leicester",257,"2015-12-26 19:00:00",95,"MissedShots","fail",0.06,"Andy King","a","HeadOther","Cross",93.87,37.74
"185","EPL","Leicester",269,"2015-12-29 23:45:00",24,"MissedShots","fail",0.03,"Riyad Mahrez","h","LeftFoot","LooseBall",83.27,22.44
"186","EPL","Leicester",269,"2015-12-29 23:45:00",39,"MissedShots","fail",0.28,"Marc Albrighton","h","RightFoot","Cross",103.11,27.4
"187","EPL","Leicester",269,"2015-12-29 23:45:00",39,"MissedShots","fail",0.12,"Jamie Vardy","h","RightFoot","Throughball",86.94,33.93
"188","EPL","Leicester",269,"2015-12-29 23:45:00",43,"SavedShot","fail",0.04,"Christian Fuchs","h","RightFoot","Dribble",82,42.77
"189","EPL","Leicester",269,"2015-12-29 23:45:00",52,"MissedShots","fail",0.02,"Daniel Drinkwater","h","RightFoot","Pass",77.6,31.69
"190","EPL","Leicester",269,"2015-12-29 23:45:00",52,"SavedShot","fail",0.02,"Jamie Vardy","h","HeadOther","Aerial",91.98,36.99
"191","EPL","Leicester",269,"2015-12-29 23:45:00",53,"MissedShots","fail",0.02,"N&#039;Golo Kanté","h","RightFoot","Pass",76.55,33.8
"192","EPL","Leicester",269,"2015-12-29 23:45:00",59,"MissedShots","fail",0.12,"Marc Albrighton","h","RightFoot","Throughball",93.77,24.14
"193","EPL","Leicester",269,"2015-12-29 23:45:00",70,"SavedShot","fail",0.06,"Jamie Vardy","h","LeftFoot","Pass",95.76,45.97
"194","EPL","Leicester",274,"2016-01-02 19:00:00",9,"MissedShots","fail",0.03,"Riyad Mahrez","h","LeftFoot","Cross",100.17,22.58
"195","EPL","Leicester",274,"2016-01-02 19:00:00",25,"MissedShots","fail",0.01,"Leonardo Ulloa","h","RightFoot","Aerial",82.42,24.96
"196","EPL","Leicester",274,"2016-01-02 19:00:00",25,"ShotOnPost","fail",0.44,"Jamie Vardy","h","RightFoot","LooseBall",95.87,35.56
"197","EPL","Leicester",274,"2016-01-02 19:00:00",37,"MissedShots","fail",0.11,"Jamie Vardy","h","LeftFoot","Throughball",100.38,45.83
"198","EPL","Leicester",274,"2016-01-02 19:00:00",50,"SavedShot","fail",0.04,"Jamie Vardy","h","RightFoot","Chipped",84.63,39.24
"199","EPL","Leicester",274,"2016-01-02 19:00:00",73,"MissedShots","fail",0.02,"Shinji Okazaki","h","LeftFoot","Aerial",90.83,47.33
"200","EPL","Leicester",274,"2016-01-02 19:00:00",75,"MissedShots","fail",0.11,"N&#039;Golo Kanté","h","LeftFoot","Cross",95.13,33.32
"201","EPL","Leicester",274,"2016-01-02 19:00:00",85,"BlockedShot","fail",0.02,"N&#039;Golo Kanté","h","RightFoot","Pass",83.68,48.21
"202","EPL","Leicester",274,"2016-01-02 19:00:00",85,"MissedShots","fail",0.03,"Daniel Drinkwater","h","LeftFoot","Aerial",84.32,36.86
"203","EPL","Leicester",274,"2016-01-02 19:00:00",88,"BlockedShot","fail",0.02,"Riyad Mahrez","h","LeftFoot","Pass",77.17,34.27
"204","EPL","Leicester",290,"2016-01-14 00:00:00",17,"MissedShots","fail",0.09,"Shinji Okazaki","a","LeftFoot","Dribble",92.4,38.83
"205","EPL","Leicester",290,"2016-01-14 00:00:00",22,"MissedShots","fail",0.07,"N&#039;Golo Kanté","a","RightFoot","LooseBall",94.18,24
"206","EPL","Leicester",290,"2016-01-14 00:00:00",25,"SavedShot","fail",0.02,"Daniel Drinkwater","a","RightFoot","Aerial",82.53,44.2
"207","EPL","Leicester",290,"2016-01-14 00:00:00",75,"BlockedShot","fail",0.07,"Riyad Mahrez","a","LeftFoot","Cross",92.82,29.44
"208","EPL","Leicester",290,"2016-01-14 00:00:00",75,"MissedShots","fail",0.06,"Daniel Drinkwater","a","LeftFoot","LooseBall",92.3,42.23
"209","EPL","Leicester",290,"2016-01-14 00:00:00",75,"BlockedShot","fail",0.11,"Leonardo Ulloa","a","RightFoot","Dribble",95.03,36.18
"210","EPL","Leicester",297,"2016-01-16 21:30:00",16,"BlockedShot","fail",0.02,"Marc Albrighton","a","RightFoot","Dribble",77.49,31.28
"211","EPL","Leicester",297,"2016-01-16 21:30:00",27,"SavedShot","fail",0.03,"Jamie Vardy","a","RightFoot","Pass",89.88,44
"212","EPL","Leicester",297,"2016-01-16 21:30:00",27,"Goal","goal",0.65,"Shinji Okazaki","a","RightFoot","LooseBall",102.17,30.4
"213","EPL","Leicester",297,"2016-01-16 21:30:00",31,"BlockedShot","fail",0.15,"Riyad Mahrez","a","LeftFoot","Pass",97.23,30.12
"214","EPL","Leicester",297,"2016-01-16 21:30:00",45,"MissedShots","fail",0.02,"Marc Albrighton","a","RightFoot","LooseBall",76.86,42.64
"215","EPL","Leicester",297,"2016-01-16 21:30:00",66,"MissedShots","fail",0.4,"Daniel Drinkwater","a","RightFoot","Cross",96.7,33.93
"216","EPL","Leicester",297,"2016-01-16 21:30:00",90,"MissedShots","fail",0.12,"Jamie Vardy","a","LeftFoot","Throughball",96.92,47.12
"217","EPL","Leicester",304,"2016-01-23 19:00:00",9,"SavedShot","fail",0.01,"Shinji Okazaki","h","HeadOther","Aerial",91.03,40.19
"218","EPL","Leicester",304,"2016-01-23 19:00:00",17,"SavedShot","fail",0.07,"Jamie Vardy","h","LeftFoot","Cross",92.92,39.1
"219","EPL","Leicester",304,"2016-01-23 19:00:00",25,"MissedShots","fail",0.01,"N&#039;Golo Kanté","h","RightFoot","LooseBall",76.12,25.36
"220","EPL","Leicester",304,"2016-01-23 19:00:00",35,"MissedShots","fail",0.05,"Shinji Okazaki","h","RightFoot","None",88.72,42.36
"221","EPL","Leicester",304,"2016-01-23 19:00:00",56,"BlockedShot","fail",0.1,"Shinji Okazaki","h","RightFoot","None",94.4,41.75
"222","EPL","Leicester",304,"2016-01-23 19:00:00",65,"MissedShots","fail",0.1,"Leonardo Ulloa","h","RightFoot","Dribble",91.35,23.73
"223","EPL","Leicester",304,"2016-01-23 19:00:00",65,"Goal","goal",0.51,"Jamie Vardy","h","RightFoot","Dribble",101.64,23.6
"224","EPL","Leicester",304,"2016-01-23 19:00:00",79,"BlockedShot","fail",0.14,"Jamie Vardy","h","LeftFoot","Throughball",90.83,34.88
"225","EPL","Leicester",304,"2016-01-23 19:00:00",84,"MissedShots","fail",0.02,"Marc Albrighton","h","RightFoot","None",80.33,43.86
"226","EPL","Leicester",304,"2016-01-23 19:00:00",86,"MissedShots","fail",0.12,"Riyad Mahrez","h","LeftFoot","Dribble",95.03,24.68
"227","EPL","Leicester",304,"2016-01-23 19:00:00",86,"Goal","goal",0.62,"Leonardo Ulloa","h","RightFoot","None",99.12,32.37
"228","EPL","Leicester",312,"2016-02-02 23:45:00",1,"MissedShots","fail",0.03,"Riyad Mahrez","h","LeftFoot","Pass",79.38,33.52
"229","EPL","Leicester",312,"2016-02-02 23:45:00",7,"SavedShot","fail",0.51,"Shinji Okazaki","h","HeadOther","Aerial",100.17,31.01
"230","EPL","Leicester",312,"2016-02-02 23:45:00",13,"SavedShot","fail",0.02,"Riyad Mahrez","h","LeftFoot","None",79.9,23.94
"231","EPL","Leicester",312,"2016-02-02 23:45:00",23,"MissedShots","fail",0.02,"Danny Simpson","h","RightFoot","Aerial",83.68,29.65
"232","EPL","Leicester",312,"2016-02-02 23:45:00",34,"SavedShot","fail",0.02,"Riyad Mahrez","h","LeftFoot","Dribble",77.7,21.01
"233","EPL","Leicester",312,"2016-02-02 23:45:00",50,"MissedShots","fail",0.06,"Shinji Okazaki","h","RightFoot","Dribble",86.73,23.87
"234","EPL","Leicester",312,"2016-02-02 23:45:00",59,"Goal","goal",0.02,"Jamie Vardy","h","RightFoot","Chipped",83.27,16.25
"235","EPL","Leicester",312,"2016-02-02 23:45:00",70,"BlockedShot","fail",0.02,"Shinji Okazaki","h","RightFoot","None",78.22,20.47
"236","EPL","Leicester",312,"2016-02-02 23:45:00",70,"Goal","goal",0.5,"Jamie Vardy","h","LeftFoot","LooseBall",98.6,37.88
"237","EPL","Leicester",312,"2016-02-02 23:45:00",83,"BlockedShot","fail",0.02,"Riyad Mahrez","h","LeftFoot","Dribble",75.92,23.6
"238","EPL","Leicester",321,"2016-02-06 16:45:00",7,"SavedShot","fail",0.33,"Jamie Vardy","a","RightFoot","Chipped",96.81,37.74
"239","EPL","Leicester",321,"2016-02-06 16:45:00",7,"BlockedShot","fail",0.09,"Shinji Okazaki","a","RightFoot","LooseBall",91.88,40.46
"240","EPL","Leicester",321,"2016-02-06 16:45:00",21,"MissedShots","fail",0.55,"Shinji Okazaki","a","RightFoot","Cross",100.48,37.4
"241","EPL","Leicester",321,"2016-02-06 16:45:00",35,"SavedShot","fail",0.02,"Marc Albrighton","a","RightFoot","Chipped",82.85,49.16
"242","EPL","Leicester",321,"2016-02-06 16:45:00",47,"Goal","goal",0.12,"Riyad Mahrez","a","RightFoot","Pass",90.83,37.88
"243","EPL","Leicester",321,"2016-02-06 16:45:00",50,"SavedShot","fail",0.11,"Shinji Okazaki","a","LeftFoot","Cross",94.71,41.75
"244","EPL","Leicester",321,"2016-02-06 16:45:00",58,"BlockedShot","fail",0.15,"Shinji Okazaki","a","RightFoot","Pass",100.28,38.9
"245","EPL","Leicester",321,"2016-02-06 16:45:00",66,"SavedShot","fail",0.39,"Jamie Vardy","a","RightFoot","Chipped",97.12,29.72
"246","EPL","Leicester",321,"2016-02-06 16:45:00",80,"MissedShots","fail",0.11,"Jamie Vardy","a","RightFoot","Pass",93.77,25.23
"247","EPL","Leicester",321,"2016-02-06 16:45:00",84,"MissedShots","fail",0.02,"Daniel Drinkwater","a","RightFoot","LooseBall",79.48,21.69
"248","EPL","Leicester",338,"2016-02-14 16:00:00",15,"SavedShot","fail",0.43,"Jamie Vardy","a","HeadOther","Aerial",97.44,37.26
"249","EPL","Leicester",338,"2016-02-14 16:00:00",23,"MissedShots","fail",0.02,"N&#039;Golo Kanté","a","RightFoot","Pass",77.8,28.22
"250","EPL","Leicester",338,"2016-02-14 16:00:00",38,"SavedShot","fail",0.02,"N&#039;Golo Kanté","a","RightFoot","Pass",86.73,53.38
"251","EPL","Leicester",338,"2016-02-14 16:00:00",64,"MissedShots","fail",0.03,"Jamie Vardy","a","RightFoot","Pass",82.74,18.84
"252","EPL","Leicester",338,"2016-02-14 16:00:00",76,"MissedShots","fail",0.02,"N&#039;Golo Kanté","a","RightFoot","Pass",86.62,49.78
"253","EPL","Leicester",343,"2016-02-27 19:00:00",12,"BlockedShot","fail",0.16,"Shinji Okazaki","h","RightFoot","Pass",101.22,31.55
"254","EPL","Leicester",343,"2016-02-27 19:00:00",21,"MissedShots","fail",0.03,"Marc Albrighton","h","RightFoot","Pass",80.33,35.36
"255","EPL","Leicester",343,"2016-02-27 19:00:00",26,"BlockedShot","fail",0.07,"Riyad Mahrez","h","LeftFoot","Dribble",95.97,22.1
"256","EPL","Leicester",343,"2016-02-27 19:00:00",26,"BlockedShot","fail",0.05,"Marc Albrighton","h","RightFoot","Pass",85.26,37.4
"257","EPL","Leicester",343,"2016-02-27 19:00:00",26,"MissedShots","fail",0.01,"Marc Albrighton","h","RightFoot","Dribble",77.07,47.33
"258","EPL","Leicester",343,"2016-02-27 19:00:00",34,"BlockedShot","fail",0.02,"Riyad Mahrez","h","LeftFoot","Dribble",82,43.86
"259","EPL","Leicester",343,"2016-02-27 19:00:00",66,"SavedShot","fail",0.04,"Marc Albrighton","h","RightFoot","Dribble",81.06,29.44
"260","EPL","Leicester",343,"2016-02-27 19:00:00",76,"MissedShots","fail",0.03,"Jamie Vardy","h","HeadOther","Cross",94.5,41.07
"261","EPL","Leicester",343,"2016-02-27 19:00:00",88,"Goal","goal",0.73,"Leonardo Ulloa","h","LeftFoot","None",102.48,36.04
"262","EPL","Leicester",351,"2016-03-01 23:45:00",2,"BlockedShot","fail",0.05,"Daniel Drinkwater","h","LeftFoot","None",94.82,47.53
"263","EPL","Leicester",351,"2016-03-01 23:45:00",19,"MissedShots","fail",0.03,"Shinji Okazaki","h","LeftFoot","LooseBall",80.95,30.94
"264","EPL","Leicester",351,"2016-03-01 23:45:00",25,"BlockedShot","fail",0.03,"Riyad Mahrez","h","LeftFoot","None",81.48,29.44
"265","EPL","Leicester",351,"2016-03-01 23:45:00",25,"BlockedShot","fail",0.07,"Riyad Mahrez","h","RightFoot","Dribble",102.48,24.28
"266","EPL","Leicester",351,"2016-03-01 23:45:00",26,"SavedShot","fail",0.04,"Jamie Vardy","h","HeadOther","None",96.5,31.28
"267","EPL","Leicester",351,"2016-03-01 23:45:00",29,"MissedShots","fail",0.01,"Daniel Drinkwater","h","RightFoot","Aerial",75.5,26.66
"268","EPL","Leicester",351,"2016-03-01 23:45:00",36,"ShotOnPost","fail",0.54,"Jamie Vardy","h","HeadOther","Aerial",97.65,35.36
"269","EPL","Leicester",351,"2016-03-01 23:45:00",40,"MissedShots","fail",0.06,"Riyad Mahrez","h","LeftFoot","Pass",86.52,33.52
"270","EPL","Leicester",351,"2016-03-01 23:45:00",45,"Goal","goal",0.36,"Andy King","h","RightFoot","Pass",91.98,30.12
"271","EPL","Leicester",351,"2016-03-01 23:45:00",56,"ShotOnPost","fail",0.53,"Shinji Okazaki","h","HeadOther","Aerial",99.54,32.44
"272","EPL","Leicester",351,"2016-03-01 23:45:00",64,"MissedShots","fail",0.06,"Jeffrey Schlupp","h","LeftFoot","Pass",94.18,45.02
"273","EPL","Leicester",351,"2016-03-01 23:45:00",70,"SavedShot","fail",0.06,"Jamie Vardy","h","RightFoot","LooseBall",93.97,46.58
"274","EPL","Leicester",351,"2016-03-01 23:45:00",79,"BlockedShot","fail",0.1,"Jamie Vardy","h","LeftFoot","Pass",91.56,38.69
"275","EPL","Leicester",366,"2016-03-05 21:30:00",1,"BlockedShot","fail",0.13,"Jamie Vardy","a","LeftFoot","Dribble",100.17,49.37
"276","EPL","Leicester",366,"2016-03-05 21:30:00",13,"MissedShots","fail",0.04,"Jamie Vardy","a","LeftFoot","Chipped",96.81,50.32
"277","EPL","Leicester",366,"2016-03-05 21:30:00",22,"MissedShots","fail",0.53,"Jamie Vardy","a","RightFoot","Pass",98.28,29.85
"278","EPL","Leicester",366,"2016-03-05 21:30:00",40,"SavedShot","fail",0.07,"Shinji Okazaki","a","LeftFoot","None",103.63,41.21
"279","EPL","Leicester",366,"2016-03-05 21:30:00",54,"MissedShots","fail",0.02,"Daniel Drinkwater","a","RightFoot","LayOff",78.85,29.31
"280","EPL","Leicester",366,"2016-03-05 21:30:00",55,"Goal","goal",0.06,"Riyad Mahrez","a","LeftFoot","None",89.25,42.02
"281","EPL","Leicester",366,"2016-03-05 21:30:00",67,"SavedShot","fail",0.05,"Riyad Mahrez","a","LeftFoot","Dribble",83.47,25.84
"282","EPL","Leicester",366,"2016-03-05 21:30:00",85,"MissedShots","fail",0.06,"Jeffrey Schlupp","a","LeftFoot","Pass",91.67,47.4
"283","EPL","Leicester",366,"2016-03-05 21:30:00",93,"MissedShots","fail",0.03,"Danny Simpson","a","LeftFoot","LooseBall",80.64,22.71
"284","EPL","Leicester",373,"2016-03-14 00:00:00",17,"BlockedShot","fail",0.03,"Riyad Mahrez","h","LeftFoot","Pass",81.06,25.09
"285","EPL","Leicester",373,"2016-03-14 00:00:00",27,"MissedShots","fail",0.09,"Marc Albrighton","h","RightFoot","Pass",88.83,39.3
"286","EPL","Leicester",373,"2016-03-14 00:00:00",35,"BlockedShot","fail",0.11,"Jamie Vardy","h","LeftFoot","Pass",88.72,36.86
"287","EPL","Leicester",373,"2016-03-14 00:00:00",68,"BlockedShot","fail",0.08,"Jeffrey Schlupp","h","LeftFoot","Pass",89.57,42.91
"288","EPL","Leicester",373,"2016-03-14 00:00:00",87,"BlockedShot","fail",0.06,"Riyad Mahrez","h","LeftFoot","Aerial",95.03,22.98
"289","EPL","Leicester",373,"2016-03-14 00:00:00",91,"MissedShots","fail",0.06,"Riyad Mahrez","h","LeftFoot","None",84.21,38.83
"290","EPL","Leicester",375,"2016-03-19 19:00:00",17,"SavedShot","fail",0.3,"Riyad Mahrez","a","LeftFoot","Throughball",89.78,24.96
"291","EPL","Leicester",375,"2016-03-19 19:00:00",33,"Goal","goal",0.32,"Riyad Mahrez","a","LeftFoot","Cross",94.82,29.44
"292","EPL","Leicester",375,"2016-03-19 19:00:00",39,"SavedShot","fail",0.05,"Marc Albrighton","a","RightFoot","Aerial",89.78,49.37
"293","EPL","Leicester",375,"2016-03-19 19:00:00",46,"MissedShots","fail",0.09,"Shinji Okazaki","a","RightFoot","Pass",89.57,26.38
"294","EPL","Leicester",375,"2016-03-19 19:00:00",48,"MissedShots","fail",0.02,"Riyad Mahrez","a","LeftFoot","LayOff",77.7,26.04
"295","EPL","Leicester",375,"2016-03-19 19:00:00",55,"MissedShots","fail",0.26,"Shinji Okazaki","a","HeadOther","Pass",101.43,39.92
"296","EPL","Leicester",375,"2016-03-19 19:00:00",62,"BlockedShot","fail",0.12,"Jamie Vardy","a","RightFoot","None",95.23,29.72
"297","EPL","Leicester",392,"2016-04-03 16:30:00",10,"BlockedShot","fail",0.1,"Shinji Okazaki","h","RightFoot","Cross",100.48,27.74
"298","EPL","Leicester",392,"2016-04-03 16:30:00",11,"BlockedShot","fail",0.07,"Wes Morgan","h","LeftFoot","None",95.03,44
"299","EPL","Leicester",392,"2016-04-03 16:30:00",42,"BlockedShot","fail",0.03,"Marc Albrighton","h","RightFoot","Pass",76.86,35.5
"300","EPL","Leicester",392,"2016-04-03 16:30:00",70,"SavedShot","fail",0.49,"Danny Simpson","h","RightFoot","Pass",99.75,29.04
"301","EPL","Leicester",392,"2016-04-03 16:30:00",77,"SavedShot","fail",0.04,"Riyad Mahrez","h","LeftFoot","Dribble",78.33,34.75
"302","EPL","Leicester",392,"2016-04-03 16:30:00",80,"MissedShots","fail",0.02,"Daniel Drinkwater","h","LeftFoot","LayOff",80.85,20.06
"303","EPL","Leicester",392,"2016-04-03 16:30:00",84,"SavedShot","fail",0.33,"Jamie Vardy","h","RightFoot","Throughball",101.22,24
"304","EPL","Leicester",401,"2016-04-10 16:30:00",2,"SavedShot","fail",0.01,"N&#039;Golo Kanté","a","RightFoot","None",73.6,38.42
"305","EPL","Leicester",401,"2016-04-10 16:30:00",5,"BlockedShot","fail",0.02,"Marc Albrighton","a","RightFoot","None",79.7,21.83
"306","EPL","Leicester",401,"2016-04-10 16:30:00",11,"MissedShots","fail",0.03,"Jamie Vardy","a","HeadOther","Aerial",93.97,28.29
"307","EPL","Leicester",401,"2016-04-10 16:30:00",43,"MissedShots","fail",0.04,"Jamie Vardy","a","LeftFoot","Chipped",89.15,36.58
"308","EPL","Leicester",401,"2016-04-10 16:30:00",51,"MissedShots","fail",0.1,"Shinji Okazaki","a","LeftFoot","Pass",92.3,39.78
"309","EPL","Leicester",401,"2016-04-10 16:30:00",58,"MissedShots","fail",0.02,"Daniel Drinkwater","a","RightFoot","Pass",84.42,22.1
"310","EPL","Leicester",401,"2016-04-10 16:30:00",65,"Goal","goal",0.28,"Jamie Vardy","a","RightFoot","Chipped",97.55,45.42
"311","EPL","Leicester",401,"2016-04-10 16:30:00",76,"SavedShot","fail",0.02,"Marc Albrighton","a","RightFoot","Pass",75.6,43.25
"312","EPL","Leicester",401,"2016-04-10 16:30:00",82,"SavedShot","fail",0.3,"Leonardo Ulloa","a","RightFoot","Pass",94.5,23.6
"313","EPL","Leicester",401,"2016-04-10 16:30:00",89,"SavedShot","fail",0.15,"Jamie Vardy","a","RightFoot","Pass",96.08,32.1
"314","EPL","Leicester",401,"2016-04-10 16:30:00",92,"SavedShot","fail",0.39,"Daniel Amartey","a","RightFoot","Dribble",92.92,31.42
"315","EPL","Leicester",401,"2016-04-10 16:30:00",94,"Goal","goal",0.78,"Jamie Vardy","a","RightFoot","Dribble",94.18,30.74
"316","EPL","Leicester",411,"2016-04-17 16:30:00",10,"MissedShots","fail",0.02,"Daniel Drinkwater","h","RightFoot","Pass",77.7,32.98
"317","EPL","Leicester",411,"2016-04-17 16:30:00",17,"Goal","goal",0.13,"Jamie Vardy","h","LeftFoot","Pass",93.97,41.62
"318","EPL","Leicester",411,"2016-04-17 16:30:00",52,"MissedShots","fail",0.6,"Robert Huth","h","HeadOther","Cross",100.28,33.18
"319","EPL","Leicester",411,"2016-04-17 16:30:00",88,"MissedShots","fail",0.03,"Robert Huth","h","HeadOther","Aerial",94.82,31.55
"320","EPL","Leicester",425,"2016-04-24 19:15:00",9,"Goal","goal",0.35,"Riyad Mahrez","h","LeftFoot","LooseBall",93.45,27.61
"321","EPL","Leicester",425,"2016-04-24 19:15:00",27,"BlockedShot","fail",0.13,"Shinji Okazaki","h","RightFoot","Throughball",91.45,21.69
"322","EPL","Leicester",425,"2016-04-24 19:15:00",33,"SavedShot","fail",0.04,"Christian Fuchs","h","RightFoot","Pass",92.5,52.9
"323","EPL","Leicester",425,"2016-04-24 19:15:00",59,"Goal","goal",0.97,"Leonardo Ulloa","h","RightFoot","Pass",103.95,31.69
"324","EPL","Leicester",425,"2016-04-24 19:15:00",65,"BlockedShot","fail",0.02,"Christian Fuchs","h","LeftFoot","Pass",82.32,50.05
"325","EPL","Leicester",425,"2016-04-24 19:15:00",66,"SavedShot","fail",0.02,"Jeffrey Schlupp","h","LeftFoot","LooseBall",80.01,42.57
"326","EPL","Leicester",425,"2016-04-24 19:15:00",67,"MissedShots","fail",0.11,"Shinji Okazaki","h","LeftFoot","Dribble",91.67,42.23
"327","EPL","Leicester",425,"2016-04-24 19:15:00",69,"MissedShots","fail",0.09,"Jeffrey Schlupp","h","RightFoot","Dribble",85.05,32.98
"328","EPL","Leicester",425,"2016-04-24 19:15:00",79,"MissedShots","fail",0.05,"Jeffrey Schlupp","h","LeftFoot","LooseBall",88.72,47.6
"329","EPL","Leicester",425,"2016-04-24 19:15:00",80,"SavedShot","fail",0.11,"Andy King","h","RightFoot","Pass",90.09,44.34
"330","EPL","Leicester",425,"2016-04-24 19:15:00",80,"MissedShots","fail",0.03,"Andy King","h","RightFoot","LooseBall",90.83,45.76
"331","EPL","Leicester",425,"2016-04-24 19:15:00",84,"MissedShots","fail",0.34,"Andy King","h","HeadOther","Cross",100.48,39.78
"332","EPL","Leicester",425,"2016-04-24 19:15:00",84,"SavedShot","fail",0.41,"Demarai Gray","h","RightFoot","LooseBall",100.48,26.52
"333","EPL","Leicester",425,"2016-04-24 19:15:00",84,"Goal","goal",0.64,"Marc Albrighton","h","LeftFoot","LooseBall",98.91,35.77
"334","EPL","Leicester",434,"2016-05-01 17:05:00",29,"BlockedShot","fail",0.09,"Jeffrey Schlupp","a","LeftFoot","Pass",89.04,38.96
"335","EPL","Leicester",434,"2016-05-01 17:05:00",37,"MissedShots","fail",0.05,"Leonardo Ulloa","a","HeadOther","Cross",94.5,27.81
"336","EPL","Leicester",434,"2016-05-01 17:05:00",64,"BlockedShot","fail",0.03,"Shinji Okazaki","a","RightFoot","Chipped",84.63,42.64
"337","EPL","Leicester",434,"2016-05-01 17:05:00",70,"SavedShot","fail",0.04,"Riyad Mahrez","a","LeftFoot","Dribble",82.32,35.22
"338","EPL","Leicester",434,"2016-05-01 17:05:00",74,"BlockedShot","fail",0.03,"Daniel Drinkwater","a","LeftFoot","Pass",80.85,37.74
"339","EPL","Leicester",434,"2016-05-01 17:05:00",79,"MissedShots","fail",0.08,"Leonardo Ulloa","a","RightFoot","Chipped",93.03,40.32
"340","EPL","Leicester",443,"2016-05-07 20:30:00",4,"Goal","goal",0.47,"Jamie Vardy","h","RightFoot","Cross",98.17,33.12
"341","EPL","Leicester",443,"2016-05-07 20:30:00",9,"SavedShot","fail",0.49,"Andy King","h","HeadOther","Aerial",98.38,37.4
"342","EPL","Leicester",443,"2016-05-07 20:30:00",27,"SavedShot","fail",0.02,"N&#039;Golo Kanté","h","RightFoot","Aerial",77.6,42.91
"343","EPL","Leicester",443,"2016-05-07 20:30:00",32,"Goal","goal",0.41,"Andy King","h","RightFoot","None",93.35,30.33
"344","EPL","Leicester",443,"2016-05-07 20:30:00",34,"MissedShots","fail",0.11,"Jamie Vardy","h","RightFoot","Pass",88.2,32.57
"345","EPL","Leicester",443,"2016-05-07 20:30:00",45,"MissedShots","fail",0.05,"Riyad Mahrez","h","HeadOther","Aerial",96.5,30.87
"346","EPL","Leicester",443,"2016-05-07 20:30:00",60,"SavedShot","fail",0.06,"Christian Fuchs","h","LeftFoot","Pass",86.31,43.72
"347","EPL","Leicester",443,"2016-05-07 20:30:00",68,"SavedShot","fail",0.08,"Jamie Vardy","h","LeftFoot","Pass",91.35,44.74
"348","EPL","Leicester",443,"2016-05-07 20:30:00",74,"BlockedShot","fail",0.05,"Jamie Vardy","h","RightFoot","Dribble",79.48,32.1
"349","EPL","Leicester",443,"2016-05-07 20:30:00",77,"BlockedShot","fail",0.08,"Jamie Vardy","h","LeftFoot","None",93.55,24.48
"350","EPL","Leicester",443,"2016-05-07 20:30:00",78,"BlockedShot","fail",0.05,"Andy King","h","RightFoot","Pass",87.47,45.36
"351","EPL","Leicester",443,"2016-05-07 20:30:00",78,"BlockedShot","fail",0.04,"N&#039;Golo Kanté","h","RightFoot","Dribble",80.22,30.12
"352","EPL","Leicester",443,"2016-05-07 20:30:00",79,"MissedShots","fail",0.05,"Leonardo Ulloa","h","HeadOther","Chipped",91.77,32.91
"353","EPL","Leicester",443,"2016-05-07 20:30:00",85,"BlockedShot","fail",0.02,"Riyad Mahrez","h","LeftFoot","Pass",80.22,45.42
"354","EPL","Leicester",443,"2016-05-07 20:30:00",85,"MissedShots","fail",0.06,"Leonardo Ulloa","h","HeadOther","Cross",94.82,28.02
"355","EPL","Leicester",443,"2016-05-07 20:30:00",93,"SavedShot","fail",0.06,"Demarai Gray","h","RightFoot","Pass",92.92,19.45
"356","EPL","Leicester",452,"2016-05-15 18:00:00",12,"MissedShots","fail",0.03,"Jamie Vardy","a","LeftFoot","Aerial",83.27,46.92
"357","EPL","Leicester",452,"2016-05-15 18:00:00",15,"MissedShots","fail",0.02,"Demarai Gray","a","RightFoot","Pass",80.22,48.35
"358","EPL","Leicester",452,"2016-05-15 18:00:00",21,"MissedShots","fail",0.29,"Jamie Vardy","a","RightFoot","Chipped",95.34,42.5
"359","EPL","Leicester",452,"2016-05-15 18:00:00",23,"BlockedShot","fail",0.02,"Demarai Gray","a","RightFoot","None",84.1,47.33
"360","EPL","Leicester",452,"2016-05-15 18:00:00",24,"SavedShot","fail",0.03,"Demarai Gray","a","RightFoot","Pass",83.47,23.46
"361","EPL","Leicester",452,"2016-05-15 18:00:00",32,"BlockedShot","fail",0.05,"Jamie Vardy","a","LeftFoot","Pass",100.48,48.01
"362","EPL","Leicester",452,"2016-05-15 18:00:00",47,"BlockedShot","fail",0.03,"Jamie Vardy","a","RightFoot","Dribble",80.01,27.88
"363","EPL","Leicester",452,"2016-05-15 18:00:00",48,"BlockedShot","fail",0.07,"Jeffrey Schlupp","a","LeftFoot","LooseBall",91.14,43.04
"364","EPL","Leicester",452,"2016-05-15 18:00:00",57,"BlockedShot","fail",0.03,"Christian Fuchs","a","LeftFoot","Dribble",84.73,32.1
"365","EPL","Leicester",452,"2016-05-15 18:00:00",58,"SavedShot","fail",0.38,"Shinji Okazaki","a","LeftFoot","Cross",97.12,36.86
"366","EPL","Leicester",452,"2016-05-15 18:00:00",63,"MissedShots","fail",0.04,"Danny Simpson","a","RightFoot","Dribble",83.68,21.56
"367","EPL","Leicester",452,"2016-05-15 18:00:00",76,"SavedShot","fail",0.05,"Riyad Mahrez","a","LeftFoot","Pass",84.42,33.39
"368","EPL","Leicester",452,"2016-05-15 18:00:00",78,"MissedShots","fail",0.02,"N&#039;Golo Kanté","a","RightFoot","None",81.58,48.96
"369","EPL","Leicester",452,"2016-05-15 18:00:00",81,"Goal","goal",0.01,"Daniel Drinkwater","a","RightFoot","Pass",73.71,27.47
"370","EPL","Leicester",452,"2016-05-15 18:00:00",83,"BlockedShot","fail",0.06,"Jeffrey Schlupp","a","LeftFoot","Dribble",85.68,29.85
"371","EPL","Leicester",452,"2016-05-15 18:00:00",87,"SavedShot","fail",0.03,"Jeffrey Schlupp","a","LeftFoot","Pass",80.85,26.79
